{"text": " Breaking news. This image could show life on Mars. This is real. NASA just said this. This very well could be the clearest sign of life that we've ever found on Mars. The image was taken last year by this Mars rover right here, a place that we're pretty sure used to be filled with water, but it dried up over time. The rover took a sample of that rock and found that those tiny leopard spots contain materials typically left behind by living microbes, like organic carbon and sulfur and iron and phosphate. We're not 100% sure. But a lot of scientists have reviewed this data and they say as of now, we can't find another explanation. Meaning these could be the fingerprints of microbial life left behind on Mars. Huge if true. The next step is they're bringing these samples home from more tests. So if you want to know what happens, follow along.", "segments": [{"id": 0, "seek": 0, "start": 0.0, "end": 6.16, "text": " Breaking news. This image could show life on Mars. This is real. NASA just said this.", "tokens": [50364, 36715, 2583, 13, 639, 3256, 727, 855, 993, 322, 9692, 13, 639, 307, 957, 13, 12077, 445, 848, 341, 13, 50672], "temperature": 0.0, "avg_logprob": -0.13050023350146933, "compression_ratio": 1.6678966789667897, "no_speech_prob": 0.004068952519446611}, {"id": 1, "seek": 0, "start": 6.16, "end": 11.28, "text": " This very well could be the clearest sign of life that we've ever found on Mars.", "tokens": [50672, 639, 588, 731, 727, 312, 264, 1233, 17363, 1465, 295, 993, 300, 321, 600, 1562, 1352, 322, 9692, 13, 50928], "temperature": 0.0, "avg_logprob": -0.13050023350146933, "compression_ratio": 1.6678966789667897, "no_speech_prob": 0.004068952519446611}, {"id": 2, "seek": 0, "start": 11.28, "end": 15.76, "text": " The image was taken last year by this Mars rover right here, a place that we're pretty sure used", "tokens": [50928, 440, 3256, 390, 2726, 1036, 1064, 538, 341, 9692, 45767, 558, 510, 11, 257, 1081, 300, 321, 434, 1238, 988, 1143, 51152], "temperature": 0.0, "avg_logprob": -0.13050023350146933, "compression_ratio": 1.6678966789667897, "no_speech_prob": 0.004068952519446611}, {"id": 3, "seek": 0, "start": 15.76, "end": 20.080000000000002, "text": " to be filled with water, but it dried up over time. The rover took a sample of that rock and found", "tokens": [51152, 281, 312, 6412, 365, 1281, 11, 457, 309, 13538, 493, 670, 565, 13, 440, 45767, 1890, 257, 6889, 295, 300, 3727, 293, 1352, 51368], "temperature": 0.0, "avg_logprob": -0.13050023350146933, "compression_ratio": 1.6678966789667897, "no_speech_prob": 0.004068952519446611}, {"id": 4, "seek": 0, "start": 20.080000000000002, "end": 25.84, "text": " that those tiny leopard spots contain materials typically left behind by living microbes,", "tokens": [51368, 300, 729, 5870, 47161, 10681, 5304, 5319, 5850, 1411, 2261, 538, 2647, 35996, 11, 51656], "temperature": 0.0, "avg_logprob": -0.13050023350146933, "compression_ratio": 1.6678966789667897, "no_speech_prob": 0.004068952519446611}, {"id": 5, "seek": 2584, "start": 25.84, "end": 31.12, "text": " like organic carbon and sulfur and iron and phosphate. We're not 100% sure. But a lot of scientists", "tokens": [50364, 411, 10220, 5954, 293, 33831, 293, 6497, 293, 46542, 13, 492, 434, 406, 2319, 4, 988, 13, 583, 257, 688, 295, 7708, 50628], "temperature": 0.0, "avg_logprob": -0.1591443305319928, "compression_ratio": 1.523076923076923, "no_speech_prob": 0.0011066561564803123}, {"id": 6, "seek": 2584, "start": 31.12, "end": 36.0, "text": " have reviewed this data and they say as of now, we can't find another explanation. Meaning these could", "tokens": [50628, 362, 18429, 341, 1412, 293, 436, 584, 382, 295, 586, 11, 321, 393, 380, 915, 1071, 10835, 13, 19948, 613, 727, 50872], "temperature": 0.0, "avg_logprob": -0.1591443305319928, "compression_ratio": 1.523076923076923, "no_speech_prob": 0.0011066561564803123}, {"id": 7, "seek": 2584, "start": 36.0, "end": 42.0, "text": " be the fingerprints of microbial life left behind on Mars. Huge if true. The next step is they're", "tokens": [50872, 312, 264, 42170, 295, 49713, 831, 993, 1411, 2261, 322, 9692, 13, 37043, 498, 2074, 13, 440, 958, 1823, 307, 436, 434, 51172], "temperature": 0.0, "avg_logprob": -0.1591443305319928, "compression_ratio": 1.523076923076923, "no_speech_prob": 0.0011066561564803123}, {"id": 8, "seek": 2584, "start": 42.0, "end": 45.68, "text": " bringing these samples home from more tests. So if you want to know what happens, follow along.", "tokens": [51172, 5062, 613, 10938, 1280, 490, 544, 6921, 13, 407, 498, 291, 528, 281, 458, 437, 2314, 11, 1524, 2051, 13, 51356], "temperature": 0.0, "avg_logprob": -0.1591443305319928, "compression_ratio": 1.523076923076923, "no_speech_prob": 0.0011066561564803123}], "language": "en"}