{"text": " I've been stripped of a lot as much as I've been gifted. We got history now all of a sudden I'm a mystery and the feelings alive but we're feeling isn't like your loves and more lies are always in the distance. I wish I'd die here every night. I want to change your words like mine.", "segments": [{"id": 0, "seek": 0, "start": 0.0, "end": 4.92, "text": " I've been stripped of a lot as much as I've been gifted. We got history now all of a sudden", "tokens": [50364, 286, 600, 668, 33221, 295, 257, 688, 382, 709, 382, 286, 600, 668, 27104, 13, 492, 658, 2503, 586, 439, 295, 257, 3990, 50610], "temperature": 0.0, "avg_logprob": -0.6119238200940584, "compression_ratio": 1.5666666666666667, "no_speech_prob": 0.4599025547504425}, {"id": 1, "seek": 0, "start": 4.92, "end": 9.6, "text": " I'm a mystery and the feelings alive but we're feeling isn't like your loves and", "tokens": [50610, 286, 478, 257, 11422, 293, 264, 6640, 5465, 457, 321, 434, 2633, 1943, 380, 411, 428, 6752, 293, 50844], "temperature": 0.0, "avg_logprob": -0.6119238200940584, "compression_ratio": 1.5666666666666667, "no_speech_prob": 0.4599025547504425}, {"id": 2, "seek": 0, "start": 9.6, "end": 11.96, "text": " more lies are always in the distance.", "tokens": [50844, 544, 9134, 366, 1009, 294, 264, 4560, 13, 50962], "temperature": 0.0, "avg_logprob": -0.6119238200940584, "compression_ratio": 1.5666666666666667, "no_speech_prob": 0.4599025547504425}, {"id": 3, "seek": 0, "start": 11.96, "end": 22.8, "text": " I wish I'd die here every night. I want to change your words like mine.", "tokens": [50962, 286, 3172, 286, 1116, 978, 510, 633, 1818, 13, 286, 528, 281, 1319, 428, 2283, 411, 3892, 13, 51504], "temperature": 0.0, "avg_logprob": -0.6119238200940584, "compression_ratio": 1.5666666666666667, "no_speech_prob": 0.4599025547504425}], "language": "en"}