{"text": " I was sober before I out, but I'm rolling off a beat now The drugs are giving me confidence, I'm saying what I mean now There's any's help me slow up, the leaner help me speed down Ballin' ya, I'm ballin', I won't hit it if she beat now", "segments": [{"id": 0, "seek": 0, "start": 0.0, "end": 3.2800000000000002, "text": " I was sober before I out, but I'm rolling off a beat now", "tokens": [50364, 286, 390, 26212, 949, 286, 484, 11, 457, 286, 478, 9439, 766, 257, 4224, 586, 50528], "temperature": 0.0, "avg_logprob": -0.4446089757631903, "compression_ratio": 1.5031847133757963, "no_speech_prob": 0.35783645510673523}, {"id": 1, "seek": 0, "start": 3.2800000000000002, "end": 6.16, "text": " The drugs are giving me confidence, I'm saying what I mean now", "tokens": [50528, 440, 7766, 366, 2902, 385, 6687, 11, 286, 478, 1566, 437, 286, 914, 586, 50672], "temperature": 0.0, "avg_logprob": -0.4446089757631903, "compression_ratio": 1.5031847133757963, "no_speech_prob": 0.35783645510673523}, {"id": 2, "seek": 0, "start": 6.16, "end": 9.32, "text": " There's any's help me slow up, the leaner help me speed down", "tokens": [50672, 821, 311, 604, 311, 854, 385, 2964, 493, 11, 264, 11659, 260, 854, 385, 3073, 760, 50830], "temperature": 0.0, "avg_logprob": -0.4446089757631903, "compression_ratio": 1.5031847133757963, "no_speech_prob": 0.35783645510673523}, {"id": 3, "seek": 0, "start": 9.32, "end": 12.32, "text": " Ballin' ya, I'm ballin', I won't hit it if she beat now", "tokens": [50830, 10744, 259, 6, 2478, 11, 286, 478, 2594, 259, 6098, 286, 1582, 380, 2045, 309, 498, 750, 4224, 586, 50980], "temperature": 0.0, "avg_logprob": -0.4446089757631903, "compression_ratio": 1.5031847133757963, "no_speech_prob": 0.35783645510673523}], "language": "en"}