{"text": " Music", "segments": [{"id": 0, "seek": 0, "start": 0.0, "end": 25.68, "text": " Music", "tokens": [50364, 7609, 51648], "temperature": 1.0, "avg_logprob": -3.124357223510742, "compression_ratio": 0.38461538461538464, "no_speech_prob": 0.4833374619483948}], "language": "en"}