{"text": " Sometimes, having a home boy to find his first wife orisi, you can have a child that he loved,", "segments": [{"id": 0, "seek": 0, "start": 0.0, "end": 11.16, "text": " Sometimes, having a home boy to find his first wife", "tokens": [50364, 4803, 11, 1419, 257, 1280, 3237, 281, 915, 702, 700, 3836, 50922], "temperature": 1.0, "avg_logprob": -4.002611620672818, "compression_ratio": 1.119047619047619, "no_speech_prob": 0.4369819462299347}, {"id": 1, "seek": 0, "start": 11.16, "end": 21.52, "text": " orisi, you can have a child that he loved,", "tokens": [50922, 420, 8021, 11, 291, 393, 362, 257, 1440, 300, 415, 4333, 11, 51440], "temperature": 1.0, "avg_logprob": -4.002611620672818, "compression_ratio": 1.119047619047619, "no_speech_prob": 0.4369819462299347}], "language": "en"}