{"text": " I bet you pretend not to know when you wake up, you look really well when you sleep. I left the last sleeper, and I hated you, and I can never go back.", "segments": [{"id": 0, "seek": 0, "start": 0.0, "end": 4.16, "text": " I bet you pretend not to know when you wake up, you look really well when you sleep.", "tokens": [50364, 286, 778, 291, 11865, 406, 281, 458, 562, 291, 6634, 493, 11, 291, 574, 534, 731, 562, 291, 2817, 13, 50572], "temperature": 0.0, "avg_logprob": -0.364803054115989, "compression_ratio": 1.3981481481481481, "no_speech_prob": 0.016251740977168083}, {"id": 1, "seek": 0, "start": 5.04, "end": 12.64, "text": " I left the last sleeper, and I hated you, and I can never go back.", "tokens": [50616, 286, 1411, 264, 1036, 2817, 260, 11, 293, 286, 17398, 291, 11, 293, 286, 393, 1128, 352, 646, 13, 50996], "temperature": 0.0, "avg_logprob": -0.364803054115989, "compression_ratio": 1.3981481481481481, "no_speech_prob": 0.016251740977168083}], "language": "en"}