{"text": " At the start of your life Oh, oh, baby Are you...", "segments": [{"id": 0, "seek": 0, "start": 0.0, "end": 5.0, "text": " At the start of your life", "tokens": [50364, 1711, 264, 722, 295, 428, 993, 50614], "temperature": 0.0, "avg_logprob": -0.9311249142601377, "compression_ratio": 0.9245283018867925, "no_speech_prob": 0.333285927772522}, {"id": 1, "seek": 0, "start": 5.0, "end": 12.0, "text": " Oh, oh, baby", "tokens": [50614, 876, 11, 1954, 11, 3186, 50964], "temperature": 0.0, "avg_logprob": -0.9311249142601377, "compression_ratio": 0.9245283018867925, "no_speech_prob": 0.333285927772522}, {"id": 2, "seek": 0, "start": 12.0, "end": 15.0, "text": " Are you...", "tokens": [50964, 2014, 291, 485, 51114], "temperature": 0.0, "avg_logprob": -0.9311249142601377, "compression_ratio": 0.9245283018867925, "no_speech_prob": 0.333285927772522}], "language": "en"}