{"text": " Now I'ma tell me how to get in love with her Your heart is what they make beautiful baby Baby, let's be a couple of fucking monsters Like I'm a land of fire, that's your image", "segments": [{"id": 0, "seek": 0, "start": 0.0, "end": 3.52, "text": " Now I'ma tell me how to get in love with her", "tokens": [50364, 823, 286, 478, 64, 980, 385, 577, 281, 483, 294, 959, 365, 720, 50540], "temperature": 0.0, "avg_logprob": -0.9763204868023212, "compression_ratio": 1.2773722627737227, "no_speech_prob": 0.43016350269317627}, {"id": 1, "seek": 0, "start": 3.52, "end": 7.24, "text": " Your heart is what they make beautiful baby", "tokens": [50540, 2260, 1917, 307, 437, 436, 652, 2238, 3186, 50726], "temperature": 0.0, "avg_logprob": -0.9763204868023212, "compression_ratio": 1.2773722627737227, "no_speech_prob": 0.43016350269317627}, {"id": 2, "seek": 0, "start": 7.24, "end": 11.200000000000001, "text": " Baby, let's be a couple of fucking monsters", "tokens": [50726, 9425, 11, 718, 311, 312, 257, 1916, 295, 5546, 15785, 50924], "temperature": 0.0, "avg_logprob": -0.9763204868023212, "compression_ratio": 1.2773722627737227, "no_speech_prob": 0.43016350269317627}, {"id": 3, "seek": 0, "start": 11.200000000000001, "end": 14.92, "text": " Like I'm a land of fire, that's your image", "tokens": [50924, 1743, 286, 478, 257, 2117, 295, 2610, 11, 300, 311, 428, 3256, 51110], "temperature": 0.0, "avg_logprob": -0.9763204868023212, "compression_ratio": 1.2773722627737227, "no_speech_prob": 0.43016350269317627}], "language": "en"}