{"text": " Why the hell do people wear their hair like this? I look like my credit score is 800", "segments": [{"id": 0, "seek": 0, "start": 0.0, "end": 2.0, "text": " Why the hell do people wear their hair like this?", "tokens": [50364, 1545, 264, 4921, 360, 561, 3728, 641, 2578, 411, 341, 30, 50464], "temperature": 0.0, "avg_logprob": -0.2700690031051636, "compression_ratio": 1.05, "no_speech_prob": 0.007104053627699614}, {"id": 1, "seek": 0, "start": 8.0, "end": 10.0, "text": " I look like my credit score is 800", "tokens": [50764, 286, 574, 411, 452, 5397, 6175, 307, 13083, 50864], "temperature": 0.0, "avg_logprob": -0.2700690031051636, "compression_ratio": 1.05, "no_speech_prob": 0.007104053627699614}], "language": "en"}