{"text": " My name is Bradley Miller and this is my callback edition for heater rivalry season 2. Cast me in season 2 of heater rivalry.", "segments": [{"id": 0, "seek": 0, "start": 0.0, "end": 3.6, "text": " My name is Bradley Miller and this is my callback edition for heater rivalry season 2.", "tokens": [50364, 1222, 1315, 307, 36607, 16932, 293, 341, 307, 452, 818, 3207, 11377, 337, 30408, 42352, 3196, 568, 13, 50544], "temperature": 0.0, "avg_logprob": -0.43278172612190247, "compression_ratio": 1.288659793814433, "no_speech_prob": 0.010518091730773449}, {"id": 1, "seek": 0, "start": 12.08, "end": 14.08, "text": " Cast me in season 2 of heater rivalry.", "tokens": [50968, 11019, 385, 294, 3196, 568, 295, 30408, 42352, 13, 51068], "temperature": 0.0, "avg_logprob": -0.43278172612190247, "compression_ratio": 1.288659793814433, "no_speech_prob": 0.010518091730773449}], "language": "en"}