{"text": " AHHHHH", "segments": [{"id": 0, "seek": 0, "start": 0.0, "end": 2.08, "text": " AHHHHH", "tokens": [50364, 316, 18454, 39, 50468], "temperature": 1.0, "avg_logprob": -1.9226183891296387, "compression_ratio": 0.5454545454545454, "no_speech_prob": 0.41907447576522827}], "language": "en"}