{"text": " That what age do you figure out when you should use reply and reply all if anybody knows Please tell me I don't know how to use them properly. I don't know when to use them. I just always hit reply", "segments": [{"id": 0, "seek": 0, "start": 0.0, "end": 7.42, "text": " That what age do you figure out when you should use reply and reply all if anybody knows", "tokens": [50364, 663, 437, 3205, 360, 291, 2573, 484, 562, 291, 820, 764, 16972, 293, 16972, 439, 498, 4472, 3255, 50735], "temperature": 0.0, "avg_logprob": -0.22408237824073204, "compression_ratio": 1.4924242424242424, "no_speech_prob": 0.05682497099041939}, {"id": 1, "seek": 0, "start": 8.32, "end": 10.32, "text": " Please tell me", "tokens": [50780, 2555, 980, 385, 50880], "temperature": 0.0, "avg_logprob": -0.22408237824073204, "compression_ratio": 1.4924242424242424, "no_speech_prob": 0.05682497099041939}, {"id": 2, "seek": 0, "start": 10.32, "end": 14.68, "text": " I don't know how to use them properly. I don't know when to use them. I just always hit reply", "tokens": [50880, 286, 500, 380, 458, 577, 281, 764, 552, 6108, 13, 286, 500, 380, 458, 562, 281, 764, 552, 13, 286, 445, 1009, 2045, 16972, 51098], "temperature": 0.0, "avg_logprob": -0.22408237824073204, "compression_ratio": 1.4924242424242424, "no_speech_prob": 0.05682497099041939}], "language": "en"}