{"text": " Make a pipe down. I've been looking good. I've been feeling nice. Working on my aura. Clean me up. What you know, but try. You'll be getting more and more. So, so, so, give me one, one. You prang as you can. So, gang, gang, you ain't so, phone on.", "segments": [{"id": 0, "seek": 0, "start": 0.0, "end": 5.12, "text": " Make a pipe down. I've been looking good. I've been feeling nice. Working on my aura.", "tokens": [50364, 4387, 257, 11240, 760, 13, 286, 600, 668, 1237, 665, 13, 286, 600, 668, 2633, 1481, 13, 18337, 322, 452, 18355, 13, 50620], "temperature": 0.0, "avg_logprob": -0.6511310059347271, "compression_ratio": 1.496969696969697, "no_speech_prob": 0.4736643135547638}, {"id": 1, "seek": 0, "start": 5.12, "end": 8.76, "text": " Clean me up. What you know, but try. You'll be getting more and more.", "tokens": [50620, 18463, 385, 493, 13, 708, 291, 458, 11, 457, 853, 13, 509, 603, 312, 1242, 544, 293, 544, 13, 50802], "temperature": 0.0, "avg_logprob": -0.6511310059347271, "compression_ratio": 1.496969696969697, "no_speech_prob": 0.4736643135547638}, {"id": 2, "seek": 0, "start": 8.76, "end": 14.96, "text": " So, so, so, give me one, one. You prang as you can. So, gang, gang, you ain't so, phone on.", "tokens": [50802, 407, 11, 370, 11, 370, 11, 976, 385, 472, 11, 472, 13, 509, 582, 656, 382, 291, 393, 13, 407, 11, 10145, 11, 10145, 11, 291, 7862, 380, 370, 11, 2593, 322, 13, 51112], "temperature": 0.0, "avg_logprob": -0.6511310059347271, "compression_ratio": 1.496969696969697, "no_speech_prob": 0.4736643135547638}], "language": "en"}