{"text": " Whoever that person is that you're like, wow, I really love you, like I have so much love for you. Talk to yourself, that's the same way, do the exact same way. I think we're very hard on ourselves sometimes. I mean, I do it for the time. I'm like my worst critic, but it's important to just give yourself the love that you know you're", "segments": [{"id": 0, "seek": 0, "start": 0.0, "end": 5.84, "text": " Whoever that person is that you're like, wow, I really love you, like I have so much love for you.", "tokens": [50364, 24743, 300, 954, 307, 300, 291, 434, 411, 11, 6076, 11, 286, 534, 959, 291, 11, 411, 286, 362, 370, 709, 959, 337, 291, 13, 50656], "temperature": 0.0, "avg_logprob": -0.34042104085286456, "compression_ratio": 1.642156862745098, "no_speech_prob": 0.08772244304418564}, {"id": 1, "seek": 0, "start": 5.84, "end": 10.08, "text": " Talk to yourself, that's the same way, do the exact same way.", "tokens": [50656, 8780, 281, 1803, 11, 300, 311, 264, 912, 636, 11, 360, 264, 1900, 912, 636, 13, 50868], "temperature": 0.0, "avg_logprob": -0.34042104085286456, "compression_ratio": 1.642156862745098, "no_speech_prob": 0.08772244304418564}, {"id": 2, "seek": 0, "start": 10.08, "end": 14.16, "text": " I think we're very hard on ourselves sometimes. I mean, I do it for the time.", "tokens": [50868, 286, 519, 321, 434, 588, 1152, 322, 4175, 2171, 13, 286, 914, 11, 286, 360, 309, 337, 264, 565, 13, 51072], "temperature": 0.0, "avg_logprob": -0.34042104085286456, "compression_ratio": 1.642156862745098, "no_speech_prob": 0.08772244304418564}, {"id": 3, "seek": 0, "start": 14.16, "end": 20.32, "text": " I'm like my worst critic, but it's important to just give yourself the love that you know you're", "tokens": [51072, 286, 478, 411, 452, 5855, 7850, 11, 457, 309, 311, 1021, 281, 445, 976, 1803, 264, 959, 300, 291, 458, 291, 434, 51380], "temperature": 0.0, "avg_logprob": -0.34042104085286456, "compression_ratio": 1.642156862745098, "no_speech_prob": 0.08772244304418564}], "language": "en"}