{"text": " I want to know who decided that we eat turkey on Thanksgiving. Who decided that we're going to eat the most tasteless thing to celebrate that we're thankful for everything in our life by eating the most tasteless, terrible bird alive?", "segments": [{"id": 0, "seek": 0, "start": 0.0, "end": 14.0, "text": " I want to know who decided that we eat turkey on Thanksgiving. Who decided that we're going to eat the most tasteless thing to celebrate that we're thankful for everything in our life by eating the most tasteless, terrible bird alive?", "tokens": [50364, 286, 528, 281, 458, 567, 3047, 300, 321, 1862, 21551, 322, 21230, 13, 2102, 3047, 300, 321, 434, 516, 281, 1862, 264, 881, 2700, 4272, 551, 281, 8098, 300, 321, 434, 13611, 337, 1203, 294, 527, 993, 538, 3936, 264, 881, 2700, 4272, 11, 6237, 5255, 5465, 30, 51064], "temperature": 0.0, "avg_logprob": -0.24575136222091376, "compression_ratio": 1.6027397260273972, "no_speech_prob": 0.014620920643210411}], "language": "en"}