{"text": " The level is just so advanced, the bezel is tiffin' and stabbed, don't grip on my hand Know that I came with the slide from left to right, but now I don't wanna dance I got too much on the line, too much on my mind, too much in, enough on my plans Nike don't claim me to tell you just do it", "segments": [{"id": 0, "seek": 0, "start": 0.0, "end": 4.0, "text": " The level is just so advanced, the bezel is tiffin' and stabbed, don't grip on my hand", "tokens": [50364, 440, 1496, 307, 445, 370, 7339, 11, 264, 37179, 307, 256, 3661, 259, 6, 293, 35726, 11, 500, 380, 12007, 322, 452, 1011, 50564], "temperature": 0.0, "avg_logprob": -0.3230964796883719, "compression_ratio": 1.5846994535519126, "no_speech_prob": 0.6196712851524353}, {"id": 1, "seek": 0, "start": 4.0, "end": 7.0, "text": " Know that I came with the slide from left to right, but now I don't wanna dance", "tokens": [50564, 10265, 300, 286, 1361, 365, 264, 4137, 490, 1411, 281, 558, 11, 457, 586, 286, 500, 380, 1948, 4489, 50714], "temperature": 0.0, "avg_logprob": -0.3230964796883719, "compression_ratio": 1.5846994535519126, "no_speech_prob": 0.6196712851524353}, {"id": 2, "seek": 0, "start": 7.0, "end": 11.0, "text": " I got too much on the line, too much on my mind, too much in, enough on my plans", "tokens": [50714, 286, 658, 886, 709, 322, 264, 1622, 11, 886, 709, 322, 452, 1575, 11, 886, 709, 294, 11, 1547, 322, 452, 5482, 50914], "temperature": 0.0, "avg_logprob": -0.3230964796883719, "compression_ratio": 1.5846994535519126, "no_speech_prob": 0.6196712851524353}, {"id": 3, "seek": 0, "start": 11.0, "end": 13.0, "text": " Nike don't claim me to tell you just do it", "tokens": [50914, 30397, 500, 380, 3932, 385, 281, 980, 291, 445, 360, 309, 51014], "temperature": 0.0, "avg_logprob": -0.3230964796883719, "compression_ratio": 1.5846994535519126, "no_speech_prob": 0.6196712851524353}], "language": "en"}