{"text": " What does this guy want? Okay, I just want to say that if we were together, I would funnel none on November so fast. Okay. Well, you're gonna be fine Because that's not gonna happen. Please. No. She's killing me", "segments": [{"id": 0, "seek": 0, "start": 0.0, "end": 2.0, "text": " What does this guy want?", "tokens": [50364, 708, 775, 341, 2146, 528, 30, 50464], "temperature": 0.0, "avg_logprob": -0.43974698600122486, "compression_ratio": 1.31875, "no_speech_prob": 0.20741187036037445}, {"id": 1, "seek": 0, "start": 5.12, "end": 13.040000000000001, "text": " Okay, I just want to say that if we were together, I would funnel none on November so fast. Okay. Well, you're gonna be fine", "tokens": [50620, 1033, 11, 286, 445, 528, 281, 584, 300, 498, 321, 645, 1214, 11, 286, 576, 24515, 6022, 322, 7674, 370, 2370, 13, 1033, 13, 1042, 11, 291, 434, 799, 312, 2489, 51016], "temperature": 0.0, "avg_logprob": -0.43974698600122486, "compression_ratio": 1.31875, "no_speech_prob": 0.20741187036037445}, {"id": 2, "seek": 0, "start": 13.040000000000001, "end": 16.88, "text": " Because that's not gonna happen. Please. No. She's killing me", "tokens": [51016, 1436, 300, 311, 406, 799, 1051, 13, 2555, 13, 883, 13, 1240, 311, 8011, 385, 51208], "temperature": 0.0, "avg_logprob": -0.43974698600122486, "compression_ratio": 1.31875, "no_speech_prob": 0.20741187036037445}], "language": "en"}