{"text": " This is bullshit. You have no idea where the remote is. No, I don't. Check in that cushion. Already dead!", "segments": [{"id": 0, "seek": 0, "start": 0.0, "end": 2.0, "text": " This is bullshit. You have no idea where the remote is.", "tokens": [50364, 639, 307, 22676, 13, 509, 362, 572, 1558, 689, 264, 8607, 307, 13, 50464], "temperature": 0.0, "avg_logprob": -0.32512011247522693, "compression_ratio": 1.0824742268041236, "no_speech_prob": 0.10901843011379242}, {"id": 1, "seek": 0, "start": 2.0, "end": 4.0, "text": " No, I don't. Check in that cushion.", "tokens": [50464, 883, 11, 286, 500, 380, 13, 6881, 294, 300, 21908, 13, 50564], "temperature": 0.0, "avg_logprob": -0.32512011247522693, "compression_ratio": 1.0824742268041236, "no_speech_prob": 0.10901843011379242}, {"id": 2, "seek": 0, "start": 4.0, "end": 6.0, "text": " Already dead!", "tokens": [50564, 23741, 3116, 0, 50664], "temperature": 0.0, "avg_logprob": -0.32512011247522693, "compression_ratio": 1.0824742268041236, "no_speech_prob": 0.10901843011379242}], "language": "en"}