{"text": " Oh, yeah, there may be some dogs who are in there.", "segments": [{"id": 0, "seek": 0, "start": 0.0, "end": 7.0, "text": " Oh, yeah, there may be some dogs who are in there.", "tokens": [50364, 876, 11, 1338, 11, 456, 815, 312, 512, 7197, 567, 366, 294, 456, 13, 50714], "temperature": 0.0, "avg_logprob": -0.8329357820398667, "compression_ratio": 0.9803921568627451, "no_speech_prob": 0.04222201183438301}], "language": "en"}