{"text": " My parents met through a joke and they've been happily ever after since.", "segments": [{"id": 0, "seek": 0, "start": 0.0, "end": 17.6, "text": " My parents met through a joke and they've been happily ever after since.", "tokens": [50364, 1222, 3152, 1131, 807, 257, 7647, 293, 436, 600, 668, 19909, 1562, 934, 1670, 13, 51244], "temperature": 0.0, "avg_logprob": -0.4715002461483604, "compression_ratio": 0.9863013698630136, "no_speech_prob": 0.14752884209156036}], "language": "en"}