{"text": " Your outfit looks really good today. Thanks. Your outfit looks really good today. What would it look like off? Did you really write that on? I have another one. What does your bottle look like?", "segments": [{"id": 0, "seek": 0, "start": 0.0, "end": 6.28, "text": " Your outfit looks really good today. Thanks. Your outfit looks really good today. What", "tokens": [50364, 2260, 11263, 1542, 534, 665, 965, 13, 2561, 13, 2260, 11263, 1542, 534, 665, 965, 13, 708, 50678], "temperature": 0.0, "avg_logprob": -0.3285498064617778, "compression_ratio": 1.5454545454545454, "no_speech_prob": 0.2879863679409027}, {"id": 1, "seek": 0, "start": 6.28, "end": 11.44, "text": " would it look like off? Did you really write that on? I have another one. What does", "tokens": [50678, 576, 309, 574, 411, 766, 30, 2589, 291, 534, 2464, 300, 322, 30, 286, 362, 1071, 472, 13, 708, 775, 50936], "temperature": 0.0, "avg_logprob": -0.3285498064617778, "compression_ratio": 1.5454545454545454, "no_speech_prob": 0.2879863679409027}, {"id": 2, "seek": 1144, "start": 11.44, "end": 13.44, "text": " your bottle look like?", "tokens": [50364, 428, 7817, 574, 411, 30, 50464], "temperature": 0.0, "avg_logprob": -0.9936556816101074, "compression_ratio": 0.7333333333333333, "no_speech_prob": 0.4315517842769623}], "language": "en"}