{"text": " Oh, a cute cat. Thanks. You've seen my pussy. Let's see yours. Really? Come on. So weird. Oh my god.", "segments": [{"id": 0, "seek": 0, "start": 0.0, "end": 8.56, "text": " Oh, a cute cat. Thanks. You've seen my pussy. Let's see yours. Really? Come on.", "tokens": [50364, 876, 11, 257, 4052, 3857, 13, 2561, 13, 509, 600, 1612, 452, 40169, 13, 961, 311, 536, 6342, 13, 4083, 30, 2492, 322, 13, 50792], "temperature": 0.0, "avg_logprob": -0.4809123675028483, "compression_ratio": 1.0309278350515463, "no_speech_prob": 0.014974065124988556}, {"id": 1, "seek": 0, "start": 10.48, "end": 15.44, "text": " So weird. Oh my god.", "tokens": [50888, 407, 3657, 13, 876, 452, 3044, 13, 51136], "temperature": 0.0, "avg_logprob": -0.4809123675028483, "compression_ratio": 1.0309278350515463, "no_speech_prob": 0.014974065124988556}], "language": "en"}