{"text": " This has been a good conversation that we've had we haven't even had a conversation you just started laughing Empty", "segments": [{"id": 0, "seek": 0, "start": 0.0, "end": 9.200000000000001, "text": " This has been a good conversation that we've had we haven't even had a conversation you just started laughing", "tokens": [50364, 639, 575, 668, 257, 665, 3761, 300, 321, 600, 632, 321, 2378, 380, 754, 632, 257, 3761, 291, 445, 1409, 5059, 50824], "temperature": 0.0, "avg_logprob": -0.5246285711015973, "compression_ratio": 1.25, "no_speech_prob": 0.12071747332811356}, {"id": 1, "seek": 0, "start": 14.4, "end": 15.200000000000001, "text": " Empty", "tokens": [51084, 3968, 39420, 51124], "temperature": 0.0, "avg_logprob": -0.5246285711015973, "compression_ratio": 1.25, "no_speech_prob": 0.12071747332811356}], "language": "en"}