{"text": " I'm just trying to tell everybody there's a tree blocking the road just just up that way. So I'm telling everyone to turn around and bend over. Yup. That prank, sorry. There's actually no tree. Just go have a nice day.", "segments": [{"id": 0, "seek": 0, "start": 0.0, "end": 9.0, "text": " I'm just trying to tell everybody there's a tree blocking the road just just up that way. So I'm telling everyone to turn around and bend over.", "tokens": [50364, 286, 478, 445, 1382, 281, 980, 2201, 456, 311, 257, 4230, 17776, 264, 3060, 445, 445, 493, 300, 636, 13, 407, 286, 478, 3585, 1518, 281, 1261, 926, 293, 11229, 670, 13, 50814], "temperature": 0.0, "avg_logprob": -0.3723405931816726, "compression_ratio": 1.4342105263157894, "no_speech_prob": 0.0592084564268589}, {"id": 1, "seek": 0, "start": 15.0, "end": 16.0, "text": " Yup.", "tokens": [51114, 13593, 13, 51164], "temperature": 0.0, "avg_logprob": -0.3723405931816726, "compression_ratio": 1.4342105263157894, "no_speech_prob": 0.0592084564268589}, {"id": 2, "seek": 0, "start": 21.0, "end": 23.0, "text": " That prank, sorry.", "tokens": [51414, 663, 19794, 11, 2597, 13, 51514], "temperature": 0.0, "avg_logprob": -0.3723405931816726, "compression_ratio": 1.4342105263157894, "no_speech_prob": 0.0592084564268589}, {"id": 3, "seek": 0, "start": 24.0, "end": 27.0, "text": " There's actually no tree. Just go have a nice day.", "tokens": [51564, 821, 311, 767, 572, 4230, 13, 1449, 352, 362, 257, 1481, 786, 13, 51714], "temperature": 0.0, "avg_logprob": -0.3723405931816726, "compression_ratio": 1.4342105263157894, "no_speech_prob": 0.0592084564268589}], "language": "en"}