{"text": " Golden hour, huh? Yeah, I'm golden shower too, okay, actually can you scoot a little I can't get out.", "segments": [{"id": 0, "seek": 0, "start": 0.0, "end": 18.400000000000002, "text": " Golden hour, huh? Yeah, I'm golden shower too, okay, actually can you scoot a little", "tokens": [50364, 13410, 1773, 11, 7020, 30, 865, 11, 286, 478, 9729, 10128, 886, 11, 1392, 11, 767, 393, 291, 21375, 257, 707, 51284], "temperature": 0.0, "avg_logprob": -0.7226813507080078, "compression_ratio": 1.037037037037037, "no_speech_prob": 0.08567216247320175}, {"id": 1, "seek": 1840, "start": 18.4, "end": 20.4, "text": " I can't get out.", "tokens": [50364, 286, 393, 380, 483, 484, 13, 50464], "temperature": 0.0, "avg_logprob": -0.8398611280653212, "compression_ratio": 0.6666666666666666, "no_speech_prob": 0.3697037100791931}], "language": "en"}