{"text": " Some head would be nice. What? Is it some head would be nice? No, I heard you, but why the fuck would you say that? You ladies want an honest man until you guys always ask for an honest man and when he's honest, you don't want an honest man. You're afraid.", "segments": [{"id": 0, "seek": 0, "start": 0.0, "end": 2.0, "text": " Some head would be nice. What?", "tokens": [50364, 2188, 1378, 576, 312, 1481, 13, 708, 30, 50464], "temperature": 0.0, "avg_logprob": -0.37628947513204225, "compression_ratio": 1.673202614379085, "no_speech_prob": 0.36296185851097107}, {"id": 1, "seek": 0, "start": 2.0, "end": 5.36, "text": " Is it some head would be nice? No, I heard you, but why the fuck would you say that?", "tokens": [50464, 1119, 309, 512, 1378, 576, 312, 1481, 30, 883, 11, 286, 2198, 291, 11, 457, 983, 264, 3275, 576, 291, 584, 300, 30, 50632], "temperature": 0.0, "avg_logprob": -0.37628947513204225, "compression_ratio": 1.673202614379085, "no_speech_prob": 0.36296185851097107}, {"id": 2, "seek": 0, "start": 8.56, "end": 14.8, "text": " You ladies want an honest man until you guys always ask for an honest man and when he's honest, you don't want an honest man. You're afraid.", "tokens": [50792, 509, 9974, 528, 364, 3245, 587, 1826, 291, 1074, 1009, 1029, 337, 364, 3245, 587, 293, 562, 415, 311, 3245, 11, 291, 500, 380, 528, 364, 3245, 587, 13, 509, 434, 4638, 13, 51104], "temperature": 0.0, "avg_logprob": -0.37628947513204225, "compression_ratio": 1.673202614379085, "no_speech_prob": 0.36296185851097107}], "language": "en"}