{"text": " Friends that bring one more another bad one you already know", "segments": [{"id": 0, "seek": 0, "start": 0.0, "end": 3.18, "text": " Friends that bring one more another bad one you already know", "tokens": [50364, 14042, 300, 1565, 472, 544, 1071, 1578, 472, 291, 1217, 458, 50523], "temperature": 0.0, "avg_logprob": -0.834017140524728, "compression_ratio": 0.967741935483871, "no_speech_prob": 0.5484731197357178}], "language": "en"}