{"text": " One of the better, the better, the more creamy, you're my body, you know what I'm like? One of the better, the better, the more creamy, you're my body, you know what I'm like?", "segments": [{"id": 0, "seek": 0, "start": 0.0, "end": 3.4, "text": " One of the better, the better, the more creamy, you're my body, you know what I'm like?", "tokens": [50364, 1485, 295, 264, 1101, 11, 264, 1101, 11, 264, 544, 23215, 11, 291, 434, 452, 1772, 11, 291, 458, 437, 286, 478, 411, 30, 50534], "temperature": 0.0, "avg_logprob": -0.6648112602953641, "compression_ratio": 2.2151898734177213, "no_speech_prob": 0.6010735034942627}, {"id": 1, "seek": 0, "start": 3.4, "end": 6.8, "text": " One of the better, the better, the more creamy, you're my body, you know what I'm like?", "tokens": [50534, 1485, 295, 264, 1101, 11, 264, 1101, 11, 264, 544, 23215, 11, 291, 434, 452, 1772, 11, 291, 458, 437, 286, 478, 411, 30, 50704], "temperature": 0.0, "avg_logprob": -0.6648112602953641, "compression_ratio": 2.2151898734177213, "no_speech_prob": 0.6010735034942627}], "language": "en"}