{"text": " Remember this, nobody watches you harder than the people who don't like you, so give them a show they'll never forget.", "segments": [{"id": 0, "seek": 0, "start": 0.0, "end": 17.0, "text": " Remember this, nobody watches you harder than the people who don't like you, so give them a show they'll never forget.", "tokens": [50364, 5459, 341, 11, 5079, 17062, 291, 6081, 813, 264, 561, 567, 500, 380, 411, 291, 11, 370, 976, 552, 257, 855, 436, 603, 1128, 2870, 13, 51214], "temperature": 0.0, "avg_logprob": -0.34174353500892374, "compression_ratio": 1.18, "no_speech_prob": 0.1349901407957077}], "language": "en"}