{"text": " Ew, uh, I just remembered that all my teeth fell out at some point. Everything I want, and... ew!", "segments": [{"id": 0, "seek": 0, "start": 0.0, "end": 6.5, "text": " Ew, uh, I just remembered that all my teeth fell out at some point.", "tokens": [50364, 28101, 11, 2232, 11, 286, 445, 13745, 300, 439, 452, 7798, 5696, 484, 412, 512, 935, 13, 50689], "temperature": 0.0, "avg_logprob": -0.5589561462402344, "compression_ratio": 1.1022727272727273, "no_speech_prob": 0.016206221655011177}, {"id": 1, "seek": 0, "start": 6.5, "end": 9.5, "text": " Everything I want, and... ew!", "tokens": [50689, 5471, 286, 528, 11, 293, 485, 43364, 0, 50839], "temperature": 0.0, "avg_logprob": -0.5589561462402344, "compression_ratio": 1.1022727272727273, "no_speech_prob": 0.016206221655011177}], "language": "en"}