{"text": " This is the only sound that can get me out of a Vecna induced trance.", "segments": [{"id": 0, "seek": 0, "start": 0.0, "end": 4.0, "text": " This is the only sound that can get me out of a Vecna induced trance.", "tokens": [50364, 639, 307, 264, 787, 1626, 300, 393, 483, 385, 484, 295, 257, 691, 3045, 629, 33991, 504, 719, 13, 50564], "temperature": 0.0, "avg_logprob": -0.3606960339979692, "compression_ratio": 1.0, "no_speech_prob": 0.038515668362379074}], "language": "en"}