{"text": " I felt the tectonic plate shift. I said something has changed. I looked on Twitter and Ariana Grande is wearing a high pony. We are back people! We are back! She heard, oh, 2026 is the new 2016 and she said...", "segments": [{"id": 0, "seek": 0, "start": 0.0, "end": 9.6, "text": " I felt the tectonic plate shift. I said something has changed. I looked on Twitter and Ariana Grande is wearing a high pony.", "tokens": [50364, 286, 2762, 264, 535, 349, 11630, 5924, 5513, 13, 286, 848, 746, 575, 3105, 13, 286, 2956, 322, 5794, 293, 43296, 28384, 307, 4769, 257, 1090, 27342, 13, 50844], "temperature": 0.0, "avg_logprob": -0.33626479433293927, "compression_ratio": 1.3571428571428572, "no_speech_prob": 0.006585956085473299}, {"id": 1, "seek": 0, "start": 9.6, "end": 19.0, "text": " We are back people! We are back! She heard, oh, 2026 is the new 2016 and she said...", "tokens": [50844, 492, 366, 646, 561, 0, 492, 366, 646, 0, 1240, 2198, 11, 1954, 11, 945, 10880, 307, 264, 777, 6549, 293, 750, 848, 485, 51314], "temperature": 0.0, "avg_logprob": -0.33626479433293927, "compression_ratio": 1.3571428571428572, "no_speech_prob": 0.006585956085473299}], "language": "en"}