{"text": " If you want to take a while with a bad pitch, hop it back, you can see why it may be. She's surrounded.", "segments": [{"id": 0, "seek": 0, "start": 0.0, "end": 7.0, "text": " If you want to take a while with a bad pitch, hop it back, you can see why it may be.", "tokens": [50364, 759, 291, 528, 281, 747, 257, 1339, 365, 257, 1578, 7293, 11, 3818, 309, 646, 11, 291, 393, 536, 983, 309, 815, 312, 13, 50714], "temperature": 0.0, "avg_logprob": -0.723715811064749, "compression_ratio": 1.1195652173913044, "no_speech_prob": 0.42682576179504395}, {"id": 1, "seek": 0, "start": 7.0, "end": 9.0, "text": " She's surrounded.", "tokens": [50714, 1240, 311, 13221, 13, 50814], "temperature": 0.0, "avg_logprob": -0.723715811064749, "compression_ratio": 1.1195652173913044, "no_speech_prob": 0.42682576179504395}], "language": "en"}