{"text": " I'm just going to try one more time. I just have had this feeling all day that I could do it Wait that was close why was that close why was that close? Okay, I'm getting confident. I actually think I can okay last time. I just I don't know It's like a cartwheel. I can't stay up. How do I stay up? I want to stay up", "segments": [{"id": 0, "seek": 0, "start": 0.0, "end": 4.92, "text": " I'm just going to try one more time. I just have had this feeling all day that I could do it", "tokens": [50364, 286, 478, 445, 516, 281, 853, 472, 544, 565, 13, 286, 445, 362, 632, 341, 2633, 439, 786, 300, 286, 727, 360, 309, 50610], "temperature": 0.0, "avg_logprob": -0.3155689449100704, "compression_ratio": 1.6237113402061856, "no_speech_prob": 0.056600164622068405}, {"id": 1, "seek": 0, "start": 9.44, "end": 12.68, "text": " Wait that was close why was that close why was that close?", "tokens": [50836, 3802, 300, 390, 1998, 983, 390, 300, 1998, 983, 390, 300, 1998, 30, 50998], "temperature": 0.0, "avg_logprob": -0.3155689449100704, "compression_ratio": 1.6237113402061856, "no_speech_prob": 0.056600164622068405}, {"id": 2, "seek": 0, "start": 13.6, "end": 18.92, "text": " Okay, I'm getting confident. I actually think I can okay last time. I just I don't know", "tokens": [51044, 1033, 11, 286, 478, 1242, 6679, 13, 286, 767, 519, 286, 393, 1392, 1036, 565, 13, 286, 445, 286, 500, 380, 458, 51310], "temperature": 0.0, "avg_logprob": -0.3155689449100704, "compression_ratio": 1.6237113402061856, "no_speech_prob": 0.056600164622068405}, {"id": 3, "seek": 0, "start": 22.68, "end": 28.28, "text": " It's like a cartwheel. I can't stay up. How do I stay up? I want to stay up", "tokens": [51498, 467, 311, 411, 257, 5467, 22830, 13, 286, 393, 380, 1754, 493, 13, 1012, 360, 286, 1754, 493, 30, 286, 528, 281, 1754, 493, 51778], "temperature": 0.0, "avg_logprob": -0.3155689449100704, "compression_ratio": 1.6237113402061856, "no_speech_prob": 0.056600164622068405}], "language": "en"}