{"text": " Music", "segments": [{"id": 0, "seek": 0, "start": 0.0, "end": 7.24, "text": " Music", "tokens": [50364, 7609, 50726], "temperature": 1.0, "avg_logprob": -2.460665464401245, "compression_ratio": 0.38461538461538464, "no_speech_prob": 0.4881901144981384}], "language": "en"}