{"text": " Ever could dare with my bitch way better, my wrist, I don't know for the better. It's per-k, I should've gone the face, green diamonds, I fucked up my bladder.", "segments": [{"id": 0, "seek": 0, "start": 0.0, "end": 4.0, "text": " Ever could dare with my bitch way better, my wrist, I don't know for the better.", "tokens": [50364, 12123, 727, 8955, 365, 452, 11960, 636, 1101, 11, 452, 15043, 11, 286, 500, 380, 458, 337, 264, 1101, 13, 50564], "temperature": 0.0, "avg_logprob": -0.7598144855905087, "compression_ratio": 1.282258064516129, "no_speech_prob": 0.6455066204071045}, {"id": 1, "seek": 0, "start": 4.0, "end": 7.0, "text": " It's per-k, I should've gone the face, green diamonds, I fucked up my bladder.", "tokens": [50564, 467, 311, 680, 12, 74, 11, 286, 820, 600, 2780, 264, 1851, 11, 3092, 22612, 11, 286, 22518, 493, 452, 37032, 13, 50714], "temperature": 0.0, "avg_logprob": -0.7598144855905087, "compression_ratio": 1.282258064516129, "no_speech_prob": 0.6455066204071045}], "language": "en"}