{"text": " Wait, I was just reminded of this, so now I have to force all of you to remember. Please, please, please don't forget that Millie Bobby Brown and Jacob Sartorius dated. Please don't forget. Millie Bobby Brown, Jacob Sartorius.", "segments": [{"id": 0, "seek": 0, "start": 0.0, "end": 4.88, "text": " Wait, I was just reminded of this, so now I have to force all of you to remember.", "tokens": [50364, 3802, 11, 286, 390, 445, 15920, 295, 341, 11, 370, 586, 286, 362, 281, 3464, 439, 295, 291, 281, 1604, 13, 50608], "temperature": 0.0, "avg_logprob": -0.29803945057427705, "compression_ratio": 1.5804195804195804, "no_speech_prob": 0.018628064543008804}, {"id": 1, "seek": 0, "start": 4.88, "end": 9.28, "text": " Please, please, please don't forget that Millie Bobby Brown and Jacob Sartorius dated.", "tokens": [50608, 2555, 11, 1767, 11, 1767, 500, 380, 2870, 300, 7190, 414, 19573, 8030, 293, 14117, 318, 446, 284, 4872, 23804, 13, 50828], "temperature": 0.0, "avg_logprob": -0.29803945057427705, "compression_ratio": 1.5804195804195804, "no_speech_prob": 0.018628064543008804}, {"id": 2, "seek": 0, "start": 9.28, "end": 11.28, "text": " Please don't forget.", "tokens": [50828, 2555, 500, 380, 2870, 13, 50928], "temperature": 0.0, "avg_logprob": -0.29803945057427705, "compression_ratio": 1.5804195804195804, "no_speech_prob": 0.018628064543008804}, {"id": 3, "seek": 0, "start": 11.28, "end": 15.0, "text": " Millie Bobby Brown, Jacob Sartorius.", "tokens": [50928, 7190, 414, 19573, 8030, 11, 14117, 318, 446, 284, 4872, 13, 51114], "temperature": 0.0, "avg_logprob": -0.29803945057427705, "compression_ratio": 1.5804195804195804, "no_speech_prob": 0.018628064543008804}], "language": "en"}