{"text": " Even if I gained 1 million bo-billion ton tillion, fulfillion pounds and I was doing the 365 hard, I still would not be able to eat cottage cheese unfortunately.", "segments": [{"id": 0, "seek": 0, "start": 0.0, "end": 4.16, "text": " Even if I gained 1 million bo-billion ton tillion,", "tokens": [50364, 2754, 498, 286, 12634, 502, 2459, 748, 12, 65, 11836, 2952, 4288, 313, 11, 50572], "temperature": 0.2, "avg_logprob": -0.5094121152704413, "compression_ratio": 1.288, "no_speech_prob": 0.02677774429321289}, {"id": 1, "seek": 0, "start": 4.16, "end": 8.0, "text": " fulfillion pounds and I was doing the 365 hard,", "tokens": [50572, 13875, 313, 8319, 293, 286, 390, 884, 264, 22046, 1152, 11, 50764], "temperature": 0.2, "avg_logprob": -0.5094121152704413, "compression_ratio": 1.288, "no_speech_prob": 0.02677774429321289}, {"id": 2, "seek": 0, "start": 8.0, "end": 11.0, "text": " I still would not be able to eat cottage cheese unfortunately.", "tokens": [50764, 286, 920, 576, 406, 312, 1075, 281, 1862, 37209, 5399, 7015, 13, 50914], "temperature": 0.2, "avg_logprob": -0.5094121152704413, "compression_ratio": 1.288, "no_speech_prob": 0.02677774429321289}], "language": "en"}