{"text": " The thought of, like, a halter top being your dream shirt? Like, to me? A halter top is what I can only imagine how a dog feels, like, putting on a harness to go to the dog park. Like, I like, can't-", "segments": [{"id": 0, "seek": 0, "start": 0.0, "end": 4.28, "text": " The thought of, like, a halter top being your dream shirt?", "tokens": [50364, 440, 1194, 295, 11, 411, 11, 257, 7523, 391, 1192, 885, 428, 3055, 8336, 30, 50578], "temperature": 0.0, "avg_logprob": -0.4203131162203275, "compression_ratio": 1.4113475177304964, "no_speech_prob": 0.011355561204254627}, {"id": 1, "seek": 0, "start": 4.28, "end": 8.0, "text": " Like, to me?", "tokens": [50578, 1743, 11, 281, 385, 30, 50764], "temperature": 0.0, "avg_logprob": -0.4203131162203275, "compression_ratio": 1.4113475177304964, "no_speech_prob": 0.011355561204254627}, {"id": 2, "seek": 0, "start": 8.0, "end": 12.8, "text": " A halter top is what I can only imagine how a dog feels, like, putting on a harness to go to the dog park.", "tokens": [50764, 316, 7523, 391, 1192, 307, 437, 286, 393, 787, 3811, 577, 257, 3000, 3417, 11, 411, 11, 3372, 322, 257, 19700, 281, 352, 281, 264, 3000, 3884, 13, 51004], "temperature": 0.0, "avg_logprob": -0.4203131162203275, "compression_ratio": 1.4113475177304964, "no_speech_prob": 0.011355561204254627}, {"id": 3, "seek": 0, "start": 12.8, "end": 13.8, "text": " Like, I like, can't-", "tokens": [51004, 1743, 11, 286, 411, 11, 393, 380, 12, 51054], "temperature": 0.0, "avg_logprob": -0.4203131162203275, "compression_ratio": 1.4113475177304964, "no_speech_prob": 0.011355561204254627}], "language": "en"}