{"text": " Who gets in touch tonight who gets in touch tonight who get in touch tonight you get in touch tonight who gets in touch tonight who gets in touch tonight you get in touch tonight", "segments": [{"id": 0, "seek": 0, "start": 0.0, "end": 16.6, "text": " Who gets in touch tonight who gets in touch tonight who get in touch tonight you get in touch tonight who gets in touch tonight who gets in touch tonight you get in touch tonight", "tokens": [50364, 2102, 2170, 294, 2557, 4440, 567, 2170, 294, 2557, 4440, 567, 483, 294, 2557, 4440, 291, 483, 294, 2557, 4440, 567, 2170, 294, 2557, 4440, 567, 2170, 294, 2557, 4440, 291, 483, 294, 2557, 4440, 51194], "temperature": 1.0, "avg_logprob": -0.6581082093088251, "compression_ratio": 3.63265306122449, "no_speech_prob": 0.45773378014564514}], "language": "en"}