{"text": " It's snowing! It's snowing!", "segments": [{"id": 0, "seek": 0, "start": 0.0, "end": 4.0, "text": " It's snowing!", "tokens": [50364, 467, 311, 5756, 278, 0, 50564], "temperature": 0.0, "avg_logprob": -0.7627209345499675, "compression_ratio": 1.08, "no_speech_prob": 0.16869428753852844}, {"id": 1, "seek": 0, "start": 4.0, "end": 6.0, "text": " It's snowing!", "tokens": [50564, 467, 311, 5756, 278, 0, 50664], "temperature": 0.0, "avg_logprob": -0.7627209345499675, "compression_ratio": 1.08, "no_speech_prob": 0.16869428753852844}], "language": "en"}