{"text": " I have amazing news you guys guess what guess what guess what the search for on my third Drop says panoramic forehead panoramic panoramic panoramic panoramic bitch Oh panoramic", "segments": [{"id": 0, "seek": 0, "start": 0.0, "end": 6.76, "text": " I have amazing news you guys guess what guess what guess what the search for on my third", "tokens": [50364, 286, 362, 2243, 2583, 291, 1074, 2041, 437, 2041, 437, 2041, 437, 264, 3164, 337, 322, 452, 2636, 50702], "temperature": 0.0, "avg_logprob": -0.3531830310821533, "compression_ratio": 1.7254901960784315, "no_speech_prob": 0.07782074064016342}, {"id": 1, "seek": 0, "start": 6.76, "end": 14.48, "text": " Drop says panoramic forehead panoramic panoramic panoramic panoramic bitch", "tokens": [50702, 17675, 1619, 2462, 284, 20726, 20472, 2462, 284, 20726, 2462, 284, 20726, 2462, 284, 20726, 2462, 284, 20726, 11960, 51088], "temperature": 0.0, "avg_logprob": -0.3531830310821533, "compression_ratio": 1.7254901960784315, "no_speech_prob": 0.07782074064016342}, {"id": 2, "seek": 0, "start": 14.48, "end": 16.080000000000002, "text": " Oh panoramic", "tokens": [51088, 876, 2462, 284, 20726, 51168], "temperature": 0.0, "avg_logprob": -0.3531830310821533, "compression_ratio": 1.7254901960784315, "no_speech_prob": 0.07782074064016342}], "language": "en"}