{"text": " My name is Mickey and this is my impression of a constipated owl.", "segments": [{"id": 0, "seek": 0, "start": 0.0, "end": 4.0, "text": " My name is Mickey and this is my impression of a constipated owl.", "tokens": [50364, 1222, 1315, 307, 24714, 293, 341, 307, 452, 9995, 295, 257, 1817, 647, 770, 34488, 13, 50564], "temperature": 0.0, "avg_logprob": -0.28115305147672953, "compression_ratio": 0.9701492537313433, "no_speech_prob": 0.025500455871224403}], "language": "en"}