{"text": " This is how an owl in the glee club would sound Shoo Shoo Shoo", "segments": [{"id": 0, "seek": 0, "start": 0.0, "end": 2.98, "text": " This is how an owl in the glee club would sound", "tokens": [50364, 639, 307, 577, 364, 34488, 294, 264, 290, 14238, 6482, 576, 1626, 50513], "temperature": 0.0, "avg_logprob": -0.47119578608760126, "compression_ratio": 1.0508474576271187, "no_speech_prob": 0.0057655563578009605}, {"id": 1, "seek": 0, "start": 4.08, "end": 6.08, "text": " Shoo", "tokens": [50568, 1160, 1986, 50668], "temperature": 0.0, "avg_logprob": -0.47119578608760126, "compression_ratio": 1.0508474576271187, "no_speech_prob": 0.0057655563578009605}, {"id": 2, "seek": 0, "start": 6.08, "end": 8.08, "text": " Shoo", "tokens": [50668, 1160, 1986, 50768], "temperature": 0.0, "avg_logprob": -0.47119578608760126, "compression_ratio": 1.0508474576271187, "no_speech_prob": 0.0057655563578009605}, {"id": 3, "seek": 0, "start": 8.08, "end": 10.08, "text": " Shoo", "tokens": [50768, 1160, 1986, 50868], "temperature": 0.0, "avg_logprob": -0.47119578608760126, "compression_ratio": 1.0508474576271187, "no_speech_prob": 0.0057655563578009605}], "language": "en"}