{"text": " I told you bitches, I was a jack of all trades, I just took an entire engagement photo shoot on a K&G 7X Happy MLK Day from Interracial Marriage", "segments": [{"id": 0, "seek": 0, "start": 0.0, "end": 6.640000000000001, "text": " I told you bitches, I was a jack of all trades, I just took an entire engagement photo shoot on a K&G 7X", "tokens": [50364, 286, 1907, 291, 42094, 11, 286, 390, 257, 7109, 295, 439, 21287, 11, 286, 445, 1890, 364, 2302, 8742, 5052, 3076, 322, 257, 591, 5, 38, 1614, 55, 50696], "temperature": 0.0, "avg_logprob": -0.3451403890337263, "compression_ratio": 1.180327868852459, "no_speech_prob": 0.0286222156137228}, {"id": 1, "seek": 0, "start": 6.640000000000001, "end": 9.64, "text": " Happy MLK Day from Interracial Marriage", "tokens": [50696, 8277, 21601, 42, 5226, 490, 5751, 12080, 831, 49593, 50846], "temperature": 0.0, "avg_logprob": -0.3451403890337263, "compression_ratio": 1.180327868852459, "no_speech_prob": 0.0286222156137228}], "language": "en"}