{"text": " All these young hoe videos are teaching me that I might be a young whore because I relate to every single video I must have surpassed young hoe status.", "segments": [{"id": 0, "seek": 0, "start": 0.0, "end": 5.68, "text": " All these young hoe videos are teaching me that I might be a young whore because I relate", "tokens": [50364, 1057, 613, 2037, 19709, 2145, 366, 4571, 385, 300, 286, 1062, 312, 257, 2037, 315, 418, 570, 286, 10961, 50648], "temperature": 0.0, "avg_logprob": -0.30571726206186656, "compression_ratio": 1.3603603603603605, "no_speech_prob": 0.018162595108151436}, {"id": 1, "seek": 0, "start": 5.68, "end": 10.28, "text": " to every single video I must have surpassed young hoe status.", "tokens": [50648, 281, 633, 2167, 960, 286, 1633, 362, 27650, 292, 2037, 19709, 6558, 13, 50878], "temperature": 0.0, "avg_logprob": -0.30571726206186656, "compression_ratio": 1.3603603603603605, "no_speech_prob": 0.018162595108151436}], "language": "en"}