{"text": " She don't need to take another test because it's not my kid. I was a fool, the fool! In this courtroom, men are not allowed to bring. When women are speaking, thank you.", "segments": [{"id": 0, "seek": 0, "start": 0.0, "end": 2.0, "text": " She don't need to take another test because it's not my kid.", "tokens": [50364, 1240, 500, 380, 643, 281, 747, 1071, 1500, 570, 309, 311, 406, 452, 1636, 13, 50464], "temperature": 0.0, "avg_logprob": -0.3816853691549862, "compression_ratio": 1.3203125, "no_speech_prob": 0.06421619653701782}, {"id": 1, "seek": 0, "start": 2.0, "end": 4.0, "text": " I was a fool, the fool!", "tokens": [50464, 286, 390, 257, 7979, 11, 264, 7979, 0, 50564], "temperature": 0.0, "avg_logprob": -0.3816853691549862, "compression_ratio": 1.3203125, "no_speech_prob": 0.06421619653701782}, {"id": 2, "seek": 0, "start": 4.0, "end": 7.0, "text": " In this courtroom, men are not allowed to bring.", "tokens": [50564, 682, 341, 44050, 11, 1706, 366, 406, 4350, 281, 1565, 13, 50714], "temperature": 0.0, "avg_logprob": -0.3816853691549862, "compression_ratio": 1.3203125, "no_speech_prob": 0.06421619653701782}, {"id": 3, "seek": 0, "start": 7.0, "end": 9.0, "text": " When women are speaking, thank you.", "tokens": [50714, 1133, 2266, 366, 4124, 11, 1309, 291, 13, 50814], "temperature": 0.0, "avg_logprob": -0.3816853691549862, "compression_ratio": 1.3203125, "no_speech_prob": 0.06421619653701782}], "language": "en"}