{"text": " It's my last first day of school! No! No, please!", "segments": [{"id": 0, "seek": 0, "start": 0.0, "end": 2.8000000000000003, "text": " It's my last first day of school!", "tokens": [50364, 467, 311, 452, 1036, 700, 786, 295, 1395, 0, 50504], "temperature": 0.2, "avg_logprob": -0.8457981456409801, "compression_ratio": 0.9245283018867925, "no_speech_prob": 0.018480071797966957}, {"id": 1, "seek": 0, "start": 5.6000000000000005, "end": 9.1, "text": " No!", "tokens": [50644, 883, 0, 50819], "temperature": 0.2, "avg_logprob": -0.8457981456409801, "compression_ratio": 0.9245283018867925, "no_speech_prob": 0.018480071797966957}, {"id": 2, "seek": 0, "start": 9.6, "end": 10.9, "text": " No, please!", "tokens": [50844, 883, 11, 1767, 0, 50909], "temperature": 0.2, "avg_logprob": -0.8457981456409801, "compression_ratio": 0.9245283018867925, "no_speech_prob": 0.018480071797966957}], "language": "en"}