{"text": " Oh my god, you look just like your dad. You guys are twins. You alright?", "segments": [{"id": 0, "seek": 0, "start": 0.0, "end": 4.0, "text": " Oh my god, you look just like your dad. You guys are twins.", "tokens": [50364, 876, 452, 3044, 11, 291, 574, 445, 411, 428, 3546, 13, 509, 1074, 366, 22555, 13, 50564], "temperature": 0.0, "avg_logprob": -0.3812907536824544, "compression_ratio": 1.0, "no_speech_prob": 0.05132615566253662}, {"id": 1, "seek": 0, "start": 7.0, "end": 8.0, "text": " You alright?", "tokens": [50714, 509, 5845, 30, 50764], "temperature": 0.0, "avg_logprob": -0.3812907536824544, "compression_ratio": 1.0, "no_speech_prob": 0.05132615566253662}], "language": "en"}