{"text": " Mary had a little lamb, his feast was white as fuck you, Chad! I'm so done with your bullshit lies You've got any courage, twice the size too big for you You break the rules, don't want you to follow me to school", "segments": [{"id": 0, "seek": 0, "start": 0.0, "end": 6.5, "text": " Mary had a little lamb, his feast was white as fuck you, Chad!", "tokens": [50364, 6059, 632, 257, 707, 10097, 11, 702, 23707, 390, 2418, 382, 3275, 291, 11, 22268, 0, 50689], "temperature": 0.0, "avg_logprob": -0.4151240666707357, "compression_ratio": 1.3766233766233766, "no_speech_prob": 0.14498135447502136}, {"id": 1, "seek": 0, "start": 6.5, "end": 9.700000000000001, "text": " I'm so done with your bullshit lies", "tokens": [50689, 286, 478, 370, 1096, 365, 428, 22676, 9134, 50849], "temperature": 0.0, "avg_logprob": -0.4151240666707357, "compression_ratio": 1.3766233766233766, "no_speech_prob": 0.14498135447502136}, {"id": 2, "seek": 0, "start": 9.700000000000001, "end": 14.0, "text": " You've got any courage, twice the size too big for you", "tokens": [50849, 509, 600, 658, 604, 9892, 11, 6091, 264, 2744, 886, 955, 337, 291, 51064], "temperature": 0.0, "avg_logprob": -0.4151240666707357, "compression_ratio": 1.3766233766233766, "no_speech_prob": 0.14498135447502136}, {"id": 3, "seek": 0, "start": 14.0, "end": 20.0, "text": " You break the rules, don't want you to follow me to school", "tokens": [51064, 509, 1821, 264, 4474, 11, 500, 380, 528, 291, 281, 1524, 385, 281, 1395, 51364], "temperature": 0.0, "avg_logprob": -0.4151240666707357, "compression_ratio": 1.3766233766233766, "no_speech_prob": 0.14498135447502136}], "language": "en"}