{"text": " The Enriched Costs of Milley, Cainis Costnatham.", "segments": [{"id": 0, "seek": 0, "start": 0.0, "end": 5.68, "text": " The Enriched Costs of Milley, Cainis Costnatham.", "tokens": [50364, 440, 2193, 10794, 292, 20863, 82, 295, 7190, 2030, 11, 383, 491, 271, 20863, 77, 998, 335, 13, 50648], "temperature": 0.0, "avg_logprob": -0.8671390896751767, "compression_ratio": 0.9056603773584906, "no_speech_prob": 0.09540151059627533}], "language": "en"}