{"text": " Have you ever felt like love is a dangerous game? The only fools tend to play. Love is a dangerous game. Only fools tend to play.", "segments": [{"id": 0, "seek": 0, "start": 0.0, "end": 4.0, "text": " Have you ever felt like love is a dangerous game?", "tokens": [50364, 3560, 291, 1562, 2762, 411, 959, 307, 257, 5795, 1216, 30, 50564], "temperature": 0.0, "avg_logprob": -0.3382908014150766, "compression_ratio": 1.4827586206896552, "no_speech_prob": 0.050848688930273056}, {"id": 1, "seek": 0, "start": 4.0, "end": 6.0, "text": " The only fools tend to play.", "tokens": [50564, 440, 787, 38625, 3928, 281, 862, 13, 50664], "temperature": 0.0, "avg_logprob": -0.3382908014150766, "compression_ratio": 1.4827586206896552, "no_speech_prob": 0.050848688930273056}, {"id": 2, "seek": 0, "start": 6.0, "end": 9.0, "text": " Love is a dangerous game.", "tokens": [50664, 5956, 307, 257, 5795, 1216, 13, 50814], "temperature": 0.0, "avg_logprob": -0.3382908014150766, "compression_ratio": 1.4827586206896552, "no_speech_prob": 0.050848688930273056}, {"id": 3, "seek": 0, "start": 9.0, "end": 14.0, "text": " Only fools tend to play.", "tokens": [50814, 5686, 38625, 3928, 281, 862, 13, 51064], "temperature": 0.0, "avg_logprob": -0.3382908014150766, "compression_ratio": 1.4827586206896552, "no_speech_prob": 0.050848688930273056}], "language": "en"}