{"text": " Finally completed.", "segments": [{"id": 0, "seek": 0, "start": 0.0, "end": 9.28, "text": " Finally completed.", "tokens": [50364, 6288, 7365, 13, 50828], "temperature": 1.0, "avg_logprob": -3.3417234420776367, "compression_ratio": 0.6923076923076923, "no_speech_prob": 0.3581468462944031}], "language": "en"}