{"text": " 2022 music was wild. So far, the New York Times.", "segments": [{"id": 0, "seek": 0, "start": 0.0, "end": 2.72, "text": " 2022 music was wild.", "tokens": [50364, 20229, 1318, 390, 4868, 13, 50500], "temperature": 0.0, "avg_logprob": -0.5914024710655212, "compression_ratio": 0.7142857142857143, "no_speech_prob": 0.02731858380138874}, {"id": 1, "seek": 3000, "start": 30.0, "end": 34.0, "text": " So far, the New York Times.", "tokens": [50364, 407, 1400, 11, 264, 1873, 3609, 11366, 13, 50564], "temperature": 0.0, "avg_logprob": -0.9946966171264648, "compression_ratio": 0.7714285714285715, "no_speech_prob": 0.7407671809196472}], "language": "en"}