{"text": " If you don't pay attention to me, I'll chew through your electrical cables. If you don't keep your eyes on me, I'll eat as many thumbtacks as I'm able To starve down my delicate throat if you even care.", "segments": [{"id": 0, "seek": 0, "start": 0.0, "end": 16.0, "text": " If you don't pay attention to me, I'll chew through your electrical cables.", "tokens": [50364, 759, 291, 500, 380, 1689, 3202, 281, 385, 11, 286, 603, 21200, 807, 428, 12147, 17555, 13, 51164], "temperature": 0.0, "avg_logprob": -0.2938532723320855, "compression_ratio": 1.3636363636363635, "no_speech_prob": 0.3027983605861664}, {"id": 1, "seek": 0, "start": 16.0, "end": 27.0, "text": " If you don't keep your eyes on me, I'll eat as many thumbtacks as I'm able", "tokens": [51164, 759, 291, 500, 380, 1066, 428, 2575, 322, 385, 11, 286, 603, 1862, 382, 867, 9298, 83, 7424, 382, 286, 478, 1075, 51714], "temperature": 0.0, "avg_logprob": -0.2938532723320855, "compression_ratio": 1.3636363636363635, "no_speech_prob": 0.3027983605861664}, {"id": 2, "seek": 2700, "start": 27.0, "end": 36.0, "text": " To starve down my delicate throat if you even care.", "tokens": [50364, 1407, 46755, 760, 452, 21417, 12394, 498, 291, 754, 1127, 13, 50814], "temperature": 0.0, "avg_logprob": -0.4844209466661726, "compression_ratio": 0.864406779661017, "no_speech_prob": 0.16644641757011414}], "language": "en"}