{"text": " This perfume brand is so venereal and slutty that it was locked up in the guerrilla exhibit in the Paxulajican Paris. I'm talking about fatitas, the perfume brand known for its scent inspired by human flesh. Up first is urina bovis, perhaps the most controversial and my guilty pleasure. When wafted this fragrance, Greta Gerwig said she personally regretted not making little women sludger. It has notes of cumin, owl pellet, frog dissection, and leather. This next scent, labia menorah, is like urina bovis's cleaner younger cousin. There's orange marmalade, Bradford pear, freshly inked squid, and fiona apples criminal. This fragrance was created from a sample of the queen's pussy after her tea with Paddington bear. If you have the clean girl aesthetic but wish you could sleep in the locker room, this is the perfume for you.", "segments": [{"id": 0, "seek": 0, "start": 0.0, "end": 7.12, "text": " This perfume brand is so venereal and slutty that it was locked up in the guerrilla exhibit in the Paxulajican Paris.", "tokens": [50364, 639, 28464, 3360, 307, 370, 6138, 46036, 293, 41496, 874, 300, 309, 390, 9376, 493, 294, 264, 14486, 81, 5291, 20487, 294, 264, 430, 2797, 425, 1805, 8914, 8380, 13, 50720], "temperature": 0.0, "avg_logprob": -0.2749176979064941, "compression_ratio": 1.5454545454545454, "no_speech_prob": 0.003356876317411661}, {"id": 1, "seek": 0, "start": 7.12, "end": 12.72, "text": " I'm talking about fatitas, the perfume brand known for its scent inspired by human flesh.", "tokens": [50720, 286, 478, 1417, 466, 4046, 14182, 11, 264, 28464, 3360, 2570, 337, 1080, 19040, 7547, 538, 1952, 12497, 13, 51000], "temperature": 0.0, "avg_logprob": -0.2749176979064941, "compression_ratio": 1.5454545454545454, "no_speech_prob": 0.003356876317411661}, {"id": 2, "seek": 0, "start": 12.72, "end": 19.04, "text": " Up first is urina bovis, perhaps the most controversial and my guilty pleasure.", "tokens": [51000, 5858, 700, 307, 4038, 1426, 748, 4938, 11, 4317, 264, 881, 17323, 293, 452, 12341, 6834, 13, 51316], "temperature": 0.0, "avg_logprob": -0.2749176979064941, "compression_ratio": 1.5454545454545454, "no_speech_prob": 0.003356876317411661}, {"id": 3, "seek": 0, "start": 19.04, "end": 25.44, "text": " When wafted this fragrance, Greta Gerwig said she personally regretted not making little women sludger.", "tokens": [51316, 1133, 5406, 844, 292, 341, 25826, 11, 14986, 1328, 9409, 33313, 848, 750, 5665, 10879, 14727, 406, 1455, 707, 2266, 1061, 532, 1321, 13, 51636], "temperature": 0.0, "avg_logprob": -0.2749176979064941, "compression_ratio": 1.5454545454545454, "no_speech_prob": 0.003356876317411661}, {"id": 4, "seek": 2544, "start": 25.44, "end": 31.68, "text": " It has notes of cumin, owl pellet, frog dissection, and leather.", "tokens": [50364, 467, 575, 5570, 295, 40950, 11, 34488, 33836, 302, 11, 17259, 717, 11963, 11, 293, 12821, 13, 50676], "temperature": 0.0, "avg_logprob": -0.14715684663265124, "compression_ratio": 1.5451127819548873, "no_speech_prob": 0.001301389536820352}, {"id": 5, "seek": 2544, "start": 31.68, "end": 37.84, "text": " This next scent, labia menorah, is like urina bovis's cleaner younger cousin.", "tokens": [50676, 639, 958, 19040, 11, 2715, 654, 26343, 545, 11, 307, 411, 4038, 1426, 748, 4938, 311, 16532, 7037, 16207, 13, 50984], "temperature": 0.0, "avg_logprob": -0.14715684663265124, "compression_ratio": 1.5451127819548873, "no_speech_prob": 0.001301389536820352}, {"id": 6, "seek": 2544, "start": 37.84, "end": 43.84, "text": " There's orange marmalade, Bradford pear, freshly inked squid, and fiona apples criminal.", "tokens": [50984, 821, 311, 7671, 1849, 5579, 762, 11, 11895, 7404, 37320, 11, 34412, 11276, 292, 28015, 11, 293, 283, 21758, 16814, 8628, 13, 51284], "temperature": 0.0, "avg_logprob": -0.14715684663265124, "compression_ratio": 1.5451127819548873, "no_speech_prob": 0.001301389536820352}, {"id": 7, "seek": 2544, "start": 43.84, "end": 49.44, "text": " This fragrance was created from a sample of the queen's pussy after her tea with Paddington bear.", "tokens": [51284, 639, 25826, 390, 2942, 490, 257, 6889, 295, 264, 12206, 311, 40169, 934, 720, 5817, 365, 18691, 3584, 1756, 6155, 13, 51564], "temperature": 0.0, "avg_logprob": -0.14715684663265124, "compression_ratio": 1.5451127819548873, "no_speech_prob": 0.001301389536820352}, {"id": 8, "seek": 2544, "start": 49.44, "end": 53.92, "text": " If you have the clean girl aesthetic but wish you could sleep in the locker room,", "tokens": [51564, 759, 291, 362, 264, 2541, 2013, 20092, 457, 3172, 291, 727, 2817, 294, 264, 25707, 1808, 11, 51788], "temperature": 0.0, "avg_logprob": -0.14715684663265124, "compression_ratio": 1.5451127819548873, "no_speech_prob": 0.001301389536820352}, {"id": 9, "seek": 5392, "start": 53.92, "end": 55.92, "text": " this is the perfume for you.", "tokens": [50364, 341, 307, 264, 28464, 337, 291, 13, 50464], "temperature": 0.0, "avg_logprob": -0.41210379600524905, "compression_ratio": 0.8235294117647058, "no_speech_prob": 0.004361073952168226}], "language": "en"}