{"text": " yaaaaaaaaaaa way", "segments": [{"id": 0, "seek": 0, "start": 0.0, "end": 6.94, "text": " yaaaaaaaaaaa way", "tokens": [50364, 2478, 16425, 16425, 4332, 636, 50711], "temperature": 1.0, "avg_logprob": -3.3940885066986084, "compression_ratio": 1.0666666666666667, "no_speech_prob": 0.34215280413627625}], "language": "en"}