{"text": " You should be very afraid right now just kidding putish mood is here That was me gently honking your boob to show that I care. Let's pull a food card sexy dream lady Are you having naughty dreams big boy you you that's weird. I'm sorry about that one kiss me on the mouth can I love you?", "segments": [{"id": 0, "seek": 0, "start": 0.0, "end": 5.6000000000000005, "text": " You should be very afraid right now just kidding putish mood is here", "tokens": [50364, 509, 820, 312, 588, 4638, 558, 586, 445, 9287, 829, 742, 9268, 307, 510, 50644], "temperature": 0.0, "avg_logprob": -0.38252126848375473, "compression_ratio": 1.4642857142857142, "no_speech_prob": 0.29107892513275146}, {"id": 1, "seek": 0, "start": 7.36, "end": 14.4, "text": " That was me gently honking your boob to show that I care. Let's pull a food card sexy dream lady", "tokens": [50732, 663, 390, 385, 13073, 2157, 5092, 428, 748, 996, 281, 855, 300, 286, 1127, 13, 961, 311, 2235, 257, 1755, 2920, 13701, 3055, 7262, 51084], "temperature": 0.0, "avg_logprob": -0.38252126848375473, "compression_ratio": 1.4642857142857142, "no_speech_prob": 0.29107892513275146}, {"id": 2, "seek": 0, "start": 17.44, "end": 24.32, "text": " Are you having naughty dreams big boy you you that's weird. I'm sorry about that one kiss me on the mouth can I love you?", "tokens": [51236, 2014, 291, 1419, 32154, 7505, 955, 3237, 291, 291, 300, 311, 3657, 13, 286, 478, 2597, 466, 300, 472, 7704, 385, 322, 264, 4525, 393, 286, 959, 291, 30, 51580], "temperature": 0.0, "avg_logprob": -0.38252126848375473, "compression_ratio": 1.4642857142857142, "no_speech_prob": 0.29107892513275146}], "language": "en"}