{"text": " Science is changing at a rapid pace and something huge is about to happen. And his name is Peter Schmoud. Go ahead and buy a cameo from me, the newest breakthrough in science. It's because I'm very sexy.", "segments": [{"id": 0, "seek": 0, "start": 0.0, "end": 5.0, "text": " Science is changing at a rapid pace and something huge is about to happen.", "tokens": [50364, 8976, 307, 4473, 412, 257, 7558, 11638, 293, 746, 2603, 307, 466, 281, 1051, 13, 50614], "temperature": 0.0, "avg_logprob": -0.22830101481655188, "compression_ratio": 1.3443708609271523, "no_speech_prob": 0.10976746678352356}, {"id": 1, "seek": 0, "start": 5.0, "end": 7.0, "text": " And his name is Peter Schmoud.", "tokens": [50614, 400, 702, 1315, 307, 6508, 2065, 76, 1861, 13, 50714], "temperature": 0.0, "avg_logprob": -0.22830101481655188, "compression_ratio": 1.3443708609271523, "no_speech_prob": 0.10976746678352356}, {"id": 2, "seek": 0, "start": 7.0, "end": 12.0, "text": " Go ahead and buy a cameo from me, the newest breakthrough in science.", "tokens": [50714, 1037, 2286, 293, 2256, 257, 1361, 78, 490, 385, 11, 264, 17569, 22397, 294, 3497, 13, 50964], "temperature": 0.0, "avg_logprob": -0.22830101481655188, "compression_ratio": 1.3443708609271523, "no_speech_prob": 0.10976746678352356}, {"id": 3, "seek": 0, "start": 12.0, "end": 15.0, "text": " It's because I'm very sexy.", "tokens": [50964, 467, 311, 570, 286, 478, 588, 13701, 13, 51114], "temperature": 0.0, "avg_logprob": -0.22830101481655188, "compression_ratio": 1.3443708609271523, "no_speech_prob": 0.10976746678352356}], "language": "en"}