{"text": " Subscribers", "segments": [{"id": 0, "seek": 0, "start": 0.0, "end": 15.0, "text": " Subscribers", "tokens": [50364, 37471, 1142, 1616, 51114], "temperature": 1.0, "avg_logprob": -2.415004253387451, "compression_ratio": 0.5789473684210527, "no_speech_prob": 0.5878859162330627}], "language": "en"}