{"text": " Look, it's fire coming with me, it's the ones that you know Look, it's fire coming with me, it's the guys that you know", "segments": [{"id": 0, "seek": 0, "start": 0.0, "end": 4.8, "text": " Look, it's fire coming with me, it's the ones that you know", "tokens": [50364, 2053, 11, 309, 311, 2610, 1348, 365, 385, 11, 309, 311, 264, 2306, 300, 291, 458, 50604], "temperature": 0.0, "avg_logprob": -0.7022804054054054, "compression_ratio": 1.7246376811594204, "no_speech_prob": 0.5320509672164917}, {"id": 1, "seek": 0, "start": 4.8, "end": 9.6, "text": " Look, it's fire coming with me, it's the guys that you know", "tokens": [50604, 2053, 11, 309, 311, 2610, 1348, 365, 385, 11, 309, 311, 264, 1074, 300, 291, 458, 50844], "temperature": 0.0, "avg_logprob": -0.7022804054054054, "compression_ratio": 1.7246376811594204, "no_speech_prob": 0.5320509672164917}], "language": "en"}