{"text": " Okay, POV is seeing me out of bar. I just want to test to pick up light, okay? Hey, You name curiosity Because I need you to come over here and kill this cat. I'm gonna fucking swear to fucking", "segments": [{"id": 0, "seek": 0, "start": 0.0, "end": 4.58, "text": " Okay, POV is seeing me out of bar. I just want to test to pick up light, okay?", "tokens": [50364, 1033, 11, 22299, 53, 307, 2577, 385, 484, 295, 2159, 13, 286, 445, 528, 281, 1500, 281, 1888, 493, 1442, 11, 1392, 30, 50593], "temperature": 0.0, "avg_logprob": -0.5445858135558012, "compression_ratio": 1.2781456953642385, "no_speech_prob": 0.24747632443904877}, {"id": 1, "seek": 0, "start": 6.34, "end": 7.38, "text": " Hey,", "tokens": [50681, 1911, 11, 50733], "temperature": 0.0, "avg_logprob": -0.5445858135558012, "compression_ratio": 1.2781456953642385, "no_speech_prob": 0.24747632443904877}, {"id": 2, "seek": 0, "start": 7.38, "end": 9.38, "text": " You name curiosity", "tokens": [50733, 509, 1315, 18769, 50833], "temperature": 0.0, "avg_logprob": -0.5445858135558012, "compression_ratio": 1.2781456953642385, "no_speech_prob": 0.24747632443904877}, {"id": 3, "seek": 0, "start": 9.38, "end": 14.780000000000001, "text": " Because I need you to come over here and kill this cat. I'm gonna fucking swear to fucking", "tokens": [50833, 1436, 286, 643, 291, 281, 808, 670, 510, 293, 1961, 341, 3857, 13, 286, 478, 799, 5546, 11902, 281, 5546, 51103], "temperature": 0.0, "avg_logprob": -0.5445858135558012, "compression_ratio": 1.2781456953642385, "no_speech_prob": 0.24747632443904877}], "language": "en"}