{"text": " I can't tell just what you want You don't want to be alone You don't want to be alone", "segments": [{"id": 0, "seek": 0, "start": 0.0, "end": 4.0, "text": " I can't tell just what you want", "tokens": [50364, 286, 393, 380, 980, 445, 437, 291, 528, 50564], "temperature": 0.0, "avg_logprob": -0.25522026522406216, "compression_ratio": 1.3934426229508197, "no_speech_prob": 0.5619564056396484}, {"id": 1, "seek": 0, "start": 4.0, "end": 8.0, "text": " You don't want to be alone", "tokens": [50564, 509, 500, 380, 528, 281, 312, 3312, 50764], "temperature": 0.0, "avg_logprob": -0.25522026522406216, "compression_ratio": 1.3934426229508197, "no_speech_prob": 0.5619564056396484}, {"id": 2, "seek": 0, "start": 8.0, "end": 12.0, "text": " You don't want to be alone", "tokens": [50764, 509, 500, 380, 528, 281, 312, 3312, 50964], "temperature": 0.0, "avg_logprob": -0.25522026522406216, "compression_ratio": 1.3934426229508197, "no_speech_prob": 0.5619564056396484}], "language": "en"}