{"text": " I'll take you happy baby, just wait and see, for everything you give me.", "segments": [{"id": 0, "seek": 0, "start": 0.0, "end": 15.0, "text": " I'll take you happy baby, just wait and see, for everything you give me.", "tokens": [50364, 286, 603, 747, 291, 2055, 3186, 11, 445, 1699, 293, 536, 11, 337, 1203, 291, 976, 385, 13, 51114], "temperature": 0.0, "avg_logprob": -0.5951614834013439, "compression_ratio": 0.972972972972973, "no_speech_prob": 0.22493761777877808}], "language": "en"}