{"text": " Blast the void on my soul I think I'm gonna just decide to be a Christian at this point without the government in America is I'm gonna pull a food card for you guys today Romance and monsters Try pissed stuff. I don't know love his love kiss me on the knife tonight. I love you", "segments": [{"id": 0, "seek": 0, "start": 0.0, "end": 10.4, "text": " Blast the void on my soul I think I'm gonna just decide to be a Christian at this point without the government in America is", "tokens": [50364, 2177, 525, 264, 22009, 322, 452, 5133, 286, 519, 286, 478, 799, 445, 4536, 281, 312, 257, 5778, 412, 341, 935, 1553, 264, 2463, 294, 3374, 307, 50884], "temperature": 0.0, "avg_logprob": -0.3700578417096819, "compression_ratio": 1.4578947368421054, "no_speech_prob": 0.2096651792526245}, {"id": 1, "seek": 0, "start": 10.4, "end": 14.32, "text": " I'm gonna pull a food card for you guys today Romance and monsters", "tokens": [50884, 286, 478, 799, 2235, 257, 1755, 2920, 337, 291, 1074, 965, 10141, 719, 293, 15785, 51080], "temperature": 0.0, "avg_logprob": -0.3700578417096819, "compression_ratio": 1.4578947368421054, "no_speech_prob": 0.2096651792526245}, {"id": 2, "seek": 0, "start": 22.32, "end": 25.84, "text": " Try pissed stuff. I don't know love his love kiss me on the knife tonight. I love you", "tokens": [51480, 6526, 23795, 1507, 13, 286, 500, 380, 458, 959, 702, 959, 7704, 385, 322, 264, 7976, 4440, 13, 286, 959, 291, 51656], "temperature": 0.0, "avg_logprob": -0.3700578417096819, "compression_ratio": 1.4578947368421054, "no_speech_prob": 0.2096651792526245}], "language": "en"}