{"text": " You're like a hammer except jeans, like the fat girl that got in me, she's on your mind like all the time, and I've got a tattoo for her first week, and good boys to play.", "segments": [{"id": 0, "seek": 0, "start": 0.0, "end": 15.0, "text": " You're like a hammer except jeans, like the fat girl that got in me, she's on your mind like all the time, and I've got a tattoo for her first week, and good boys to play.", "tokens": [50364, 509, 434, 411, 257, 13017, 3993, 18880, 11, 411, 264, 4046, 2013, 300, 658, 294, 385, 11, 750, 311, 322, 428, 1575, 411, 439, 264, 565, 11, 293, 286, 600, 658, 257, 15080, 337, 720, 700, 1243, 11, 293, 665, 6347, 281, 862, 13, 51114], "temperature": 0.0, "avg_logprob": -0.7936489024060838, "compression_ratio": 1.3790322580645162, "no_speech_prob": 0.501352846622467}], "language": "en"}