{"text": " Pabrikata, bruh. It's me, Peter Schmitt, and I'm gonna pull a poo cart for you today. Don't kill yourself. You wanna know why? Me too! Kiss me on the mouth, goodnight, I love you.", "segments": [{"id": 0, "seek": 0, "start": 0.0, "end": 6.0, "text": " Pabrikata, bruh. It's me, Peter Schmitt, and I'm gonna pull a poo cart for you today.", "tokens": [50364, 430, 455, 14456, 3274, 11, 738, 3232, 13, 467, 311, 385, 11, 6508, 2065, 15548, 11, 293, 286, 478, 799, 2235, 257, 36743, 5467, 337, 291, 965, 13, 50664], "temperature": 0.0, "avg_logprob": -0.4902165209660765, "compression_ratio": 1.226027397260274, "no_speech_prob": 0.1727302223443985}, {"id": 1, "seek": 0, "start": 9.0, "end": 15.0, "text": " Don't kill yourself. You wanna know why? Me too!", "tokens": [50814, 1468, 380, 1961, 1803, 13, 509, 1948, 458, 983, 30, 1923, 886, 0, 51114], "temperature": 0.0, "avg_logprob": -0.4902165209660765, "compression_ratio": 1.226027397260274, "no_speech_prob": 0.1727302223443985}, {"id": 2, "seek": 0, "start": 16.0, "end": 18.0, "text": " Kiss me on the mouth, goodnight, I love you.", "tokens": [51164, 24297, 385, 322, 264, 4525, 11, 665, 6402, 11, 286, 959, 291, 13, 51264], "temperature": 0.0, "avg_logprob": -0.4902165209660765, "compression_ratio": 1.226027397260274, "no_speech_prob": 0.1727302223443985}], "language": "en"}