{"text": " You are such a beautiful little gay boy, and your beauty is only outshined by your kindness and strength. I love you bro.", "segments": [{"id": 0, "seek": 0, "start": 0.0, "end": 9.0, "text": " You are such a beautiful little gay boy, and your beauty is only outshined by your kindness and strength.", "tokens": [50364, 509, 366, 1270, 257, 2238, 707, 9049, 3237, 11, 293, 428, 6643, 307, 787, 484, 2716, 2001, 538, 428, 18171, 293, 3800, 13, 50814], "temperature": 0.0, "avg_logprob": -0.32143491687196674, "compression_ratio": 1.2474226804123711, "no_speech_prob": 0.1382341980934143}, {"id": 1, "seek": 0, "start": 10.0, "end": 12.0, "text": " I love you bro.", "tokens": [50864, 286, 959, 291, 2006, 13, 50964], "temperature": 0.0, "avg_logprob": -0.32143491687196674, "compression_ratio": 1.2474226804123711, "no_speech_prob": 0.1382341980934143}], "language": "en"}