{"text": " I'm caught up in your show. Yeah, at least now. I know it wasn't long it wasn't long I'm thinking", "segments": [{"id": 0, "seek": 0, "start": 0.0, "end": 6.48, "text": " I'm caught up in your show. Yeah, at least now. I know it wasn't long it wasn't long", "tokens": [50364, 286, 478, 5415, 493, 294, 428, 855, 13, 865, 11, 412, 1935, 586, 13, 286, 458, 309, 2067, 380, 938, 309, 2067, 380, 938, 50688], "temperature": 0.0, "avg_logprob": -0.7818703651428223, "compression_ratio": 1.1686746987951808, "no_speech_prob": 0.4497595727443695}, {"id": 1, "seek": 0, "start": 10.36, "end": 12.36, "text": " I'm thinking", "tokens": [50882, 286, 478, 1953, 50982], "temperature": 0.0, "avg_logprob": -0.7818703651428223, "compression_ratio": 1.1686746987951808, "no_speech_prob": 0.4497595727443695}], "language": "en"}