{"text": " I've been feeling this familiar feeling like I've done you my whole life Take you to the garden of Eden points and apple take a bite I'll take you to the garden of", "segments": [{"id": 0, "seek": 0, "start": 0.0, "end": 7.0, "text": " I've been feeling this familiar feeling like I've done you my whole life", "tokens": [50364, 286, 600, 668, 2633, 341, 4963, 2633, 411, 286, 600, 1096, 291, 452, 1379, 993, 50714], "temperature": 0.0, "avg_logprob": -0.4074025298609878, "compression_ratio": 1.2571428571428571, "no_speech_prob": 0.4646868109703064}, {"id": 1, "seek": 0, "start": 8.0, "end": 15.0, "text": " Take you to the garden of Eden points and apple take a bite", "tokens": [50764, 3664, 291, 281, 264, 7431, 295, 35322, 2793, 293, 10606, 747, 257, 7988, 51114], "temperature": 0.0, "avg_logprob": -0.4074025298609878, "compression_ratio": 1.2571428571428571, "no_speech_prob": 0.4646868109703064}, {"id": 2, "seek": 3000, "start": 30.0, "end": 33.0, "text": " I'll take you to the garden of", "tokens": [50414, 286, 603, 747, 291, 281, 264, 7431, 295, 50514], "temperature": 0.0, "avg_logprob": -0.4477365667169744, "compression_ratio": 0.7894736842105263, "no_speech_prob": 0.19391609728336334}], "language": "en"}