{"text": " I just had to let you know your...", "segments": [{"id": 0, "seek": 0, "start": 0.0, "end": 3.2800000000000002, "text": " I just had to let you know your...", "tokens": [50364, 286, 445, 632, 281, 718, 291, 458, 428, 485, 50528], "temperature": 0.0, "avg_logprob": -0.5070314009984335, "compression_ratio": 0.8717948717948718, "no_speech_prob": 0.24109438061714172}], "language": "en"}