{"text": " I Low-cup on the right side of the bed What's up with this prince song inside my head hands up if you're down to get down", "segments": [{"id": 0, "seek": 0, "start": 0.0, "end": 2.0, "text": " I", "tokens": [50364, 286, 50464], "temperature": 0.4, "avg_logprob": -0.6655542528307116, "compression_ratio": 1.2346938775510203, "no_speech_prob": 0.595791220664978}, {"id": 1, "seek": 0, "start": 4.2, "end": 7.58, "text": " Low-cup on the right side of the bed", "tokens": [50574, 17078, 12, 16794, 322, 264, 558, 1252, 295, 264, 2901, 50743], "temperature": 0.4, "avg_logprob": -0.6655542528307116, "compression_ratio": 1.2346938775510203, "no_speech_prob": 0.595791220664978}, {"id": 2, "seek": 0, "start": 8.0, "end": 14.66, "text": " What's up with this prince song inside my head hands up if you're down to get down", "tokens": [50764, 708, 311, 493, 365, 341, 16467, 2153, 1854, 452, 1378, 2377, 493, 498, 291, 434, 760, 281, 483, 760, 51097], "temperature": 0.4, "avg_logprob": -0.6655542528307116, "compression_ratio": 1.2346938775510203, "no_speech_prob": 0.595791220664978}], "language": "en"}