{"text": " Tell them help me when you call my name It's like the little bell down on my knees I want to take you there Give me my love, I can feel you", "segments": [{"id": 0, "seek": 0, "start": 0.0, "end": 4.48, "text": " Tell them help me when you call my name", "tokens": [50364, 5115, 552, 854, 385, 562, 291, 818, 452, 1315, 50588], "temperature": 0.0, "avg_logprob": -0.587425098862759, "compression_ratio": 1.287037037037037, "no_speech_prob": 0.45206332206726074}, {"id": 1, "seek": 0, "start": 4.48, "end": 8.88, "text": " It's like the little bell down on my knees", "tokens": [50588, 467, 311, 411, 264, 707, 4549, 760, 322, 452, 10546, 50808], "temperature": 0.0, "avg_logprob": -0.587425098862759, "compression_ratio": 1.287037037037037, "no_speech_prob": 0.45206332206726074}, {"id": 2, "seek": 0, "start": 8.88, "end": 11.36, "text": " I want to take you there", "tokens": [50808, 286, 528, 281, 747, 291, 456, 50932], "temperature": 0.0, "avg_logprob": -0.587425098862759, "compression_ratio": 1.287037037037037, "no_speech_prob": 0.45206332206726074}, {"id": 3, "seek": 0, "start": 11.36, "end": 14.96, "text": " Give me my love, I can feel you", "tokens": [50932, 5303, 385, 452, 959, 11, 286, 393, 841, 291, 51112], "temperature": 0.0, "avg_logprob": -0.587425098862759, "compression_ratio": 1.287037037037037, "no_speech_prob": 0.45206332206726074}], "language": "en"}